_id,username,name
5ec97d6645aa29c1ab606db3,jesuslvg,Jesustrato
5ec97d6645aa29c1ab606db4,BC__Innovate,Black Country Innovate
5ec97d6745aa29c1ab606db5,Msnisi09,Denise
5ec97d6845aa29c1ab606db6,footienut247,leighton mcguinness
5ec97d6845aa29c1ab606db7,Stallion_Team2,Frankie
5ec97d6945aa29c1ab606db8,Tech_Tee_Shop,ğŸ‘½Tech Lover ğŸ‡ºğŸ‡¸ ğŸ‡¨ğŸ‡¦ ğŸ‡¦ğŸ‡º ğŸ‡ªğŸ‡º ğŸ‡¯ğŸ‡µ
5ec97d6945aa29c1ab606db9,ClimateChangePa,Climate Change Party
5ec97d6a45aa29c1ab606dba,hanibear93,Hani is a zombieğŸŒ¼
5ec97d6b45aa29c1ab606dbb,2905jimjamy,Jamie Yarnold ğŸ”°
5ec97d6b45aa29c1ab606dbc,firstsite,Firstsite Colchester
5ec97d6c45aa29c1ab606dbd,naimahmah,IG: @naimahmah
5ec97d6d45aa29c1ab606dbe,alxiba_afsana,Alxiba Afsan
5ec97d6d45aa29c1ab606dbf,poupouch48,Vivi
5ec97d6e45aa29c1ab606dc0,chakaal28,Karen Lillywhite
5ec97d6f45aa29c1ab606dc1,Archana93098503,Archana NM_MPYS
5ec97d6f45aa29c1ab606dc2,akotopam,Akotopam News ğŸ‡¿ğŸ‡¦
5ec97d7045aa29c1ab606dc3,DulceMarLoynaz,Dulce Maria Loynaz
5ec97d7145aa29c1ab606dc4,PolishRoyalGoat,Ana and her Goat
5ec97d7145aa29c1ab606dc5,Jhx09181424,RojoYBlanco
5ec97d7245aa29c1ab606dc6,U2_News,U2News
5ec97d7345aa29c1ab606dc7,PolishRoyalGoat,Ana and her Goat
5ec97d7445aa29c1ab606dc8,stevelwpalmer,stephen palmer
5ec97d7445aa29c1ab606dc9,PolishRoyalGoat,Ana and her Goat
5ec97d7545aa29c1ab606dca,ChoicePremiums,Choice Premiums
5ec97d7645aa29c1ab606dcb,PolishRoyalGoat,Ana and her Goat
5ec97d7645aa29c1ab606dcc,UnknownTuber1,ğŸ‡¯ğŸ‡µUnknown Tuber_PESâš½ï¸
5ec97d7745aa29c1ab606dcd,PolishRoyalGoat,Ana and her Goat
5ec97d7745aa29c1ab606dce,LongwoodsNotes,LongwoodsNotes
5ec97d7845aa29c1ab606dcf,srt8982,shawny.boy the.cool.guy
5ec97d7945aa29c1ab606dd0,kana_surfergirl,miamia0614
5ec97d7945aa29c1ab606dd1,nazifidawud,#ComradeDnZ
5ec97d7a45aa29c1ab606dd2,glennlokesh32,Lokesh Waran
5ec97d7a45aa29c1ab606dd3,IVMBRXNLXYJ,x Ã¦ a-12
5ec97d7b45aa29c1ab606dd4,JuveAcademyScot,Juventus Academy Scotland
5ec97d7c45aa29c1ab606dd5,imstrawbella,Eleonora Uriati
5ec97d7c45aa29c1ab606dd6,TempleD87626452,Temple Davis
5ec97d7d45aa29c1ab606dd7,Buzzfm897,Buzzfm89.7
5ec97d7e45aa29c1ab606dd8,paulalameda,Paul Vincent Alameda
5ec97d7e45aa29c1ab606dd9,Triteflower2020,Jo
5ec97d7f45aa29c1ab606dda,ObiCheChe1,Che-Che
5ec97d7f45aa29c1ab606ddb,spaincultureus,SPAIN arts & culture
5ec97d8045aa29c1ab606ddc,fvsu_dining,FVSU Dining Services
5ec97d8145aa29c1ab606ddd,YunierViada,Yunier Viada
5ec97d8245aa29c1ab606dde,BussienJill,Jill Bussien
5ec97d8345aa29c1ab606ddf,bsudipta05x,Sam Zoldyck
5ec97d8445aa29c1ab606de0,bakagamiii,rissaâ€¢Ì€.Ì«â€¢Ìâœ§
5ec97d8545aa29c1ab606de1,SFZombie247,Lovinsf á´¹áµƒá¶¦â¿áµ‰
5ec97d8645aa29c1ab606de2,Heavenlybot,Heavenlybot âœº
5ec97d8745aa29c1ab606de3,FloVilleminot,Florence Villeminot
5ec97d8845aa29c1ab606de4,KelliherNHS,HistoryClass
5ec97d8845aa29c1ab606de5,Warwickshire_CC,Warwickshire CC #StayAlertToStaySafe
5ec97d8945aa29c1ab606de6,UKtoUSmomma,Stayathome
5ec97d8a45aa29c1ab606de7,bitrix24,Bitrix24
5ec97d8a45aa29c1ab606de8,SPJffrson,Saml Patrck Jffrson
5ec97d8b45aa29c1ab606de9,paragingle_GGMU,Parag Ingle
5ec97d8c45aa29c1ab606dea,MaridelManaloXx,m a r i d e l
5ec97d8d45aa29c1ab606deb,dromedarshop,DromedarShop.com
5ec97d8d45aa29c1ab606dec,thecricketmen,TheCricketMen
5ec97d8e45aa29c1ab606ded,Andrew_Ryan19,Andrew Ryan
5ec97d8f45aa29c1ab606dee,GabrielConstans,Gabriel Constans
5ec97d8f45aa29c1ab606def,MrJaijo,Jai Taylor
5ec97d9045aa29c1ab606df0,hsingh212_,BLACKLISTED
5ec97d9145aa29c1ab606df1,Cyrenians1968,Cyrenians
5ec97d9145aa29c1ab606df2,BirgittaDE2,BirgittaDE ğŸ— ğŸŒ¹#ForeignFriendsOfCatalonia
5ec97d9245aa29c1ab606df3,cyclocrossjake,Jake â„¢
5ec97d9345aa29c1ab606df4,Buzzfm897,Buzzfm89.7
5ec97d9345aa29c1ab606df5,AndrewMannUK,Andrew Mannering
5ec97d9445aa29c1ab606df6,BIGDADDYC0OL,Galangâ˜­
5ec97d9445aa29c1ab606df7,Faris2011ksa,Faris2011ksa ğŸ‡¸ğŸ‡¦
5ec97d9545aa29c1ab606df8,pankapitaa,Kor
5ec97d9645aa29c1ab606df9,legendarysauce2,LLCARAJâ¤ï¸
5ec97d9645aa29c1ab606dfa,matt_songwiqi,ANELE
5ec97d9745aa29c1ab606dfb,joylis_,ZeÃ¨
5ec97d9745aa29c1ab606dfc,ardeaint,Ardea International
5ec97d9845aa29c1ab606dfd,_superhero1,superhero1
5ec97d9945aa29c1ab606dfe,Mayor_Bowman,Mayor Brian Bowman
5ec97d9a45aa29c1ab606dff,VanDykInsurance,Van Dyk Group Insurance
5ec97d9a45aa29c1ab606e00,CMP_4U,á‘•á—©á—° á—°Oá—ªEá’ª á‘­á–‡Oá—°OTEá–‡ ğŸŒˆ@CMP_4UğŸŒˆ
5ec97d9b45aa29c1ab606e01,allhaleanna,Anna Hale
5ec97d9c45aa29c1ab606e02,DILIPJHABIH,DILIP JHA
5ec97d9c45aa29c1ab606e03,ben22476,Ben Kirkham
5ec97d9d45aa29c1ab606e04,EmTSuss,Emily Tisch Sussman
5ec97d9d45aa29c1ab606e05,DomestikaEn,DomestikaEN
5ec97d9e45aa29c1ab606e06,nora_lafarga,Nora Lafarga
5ec97d9f45aa29c1ab606e07,iosolofede,faith adams #NYG
5ec97d9f45aa29c1ab606e08,Tonobouy,GhostyğŸ™…ğŸ¾â€â™‚ï¸ğŸ™…ğŸ¾â€â™‚ï¸
5ec97da045aa29c1ab606e09,JohnMartini3,NYC Mind Expansion
5ec97da145aa29c1ab606e0a,happyeggshaped,Happiness is #staysafe
5ec97da245aa29c1ab606e0b,fladog82,mark flather
5ec97da245aa29c1ab606e0c,kojo_jhase,Jhase_Feelzâ˜†â˜†â˜†
5ec97da345aa29c1ab606e0d,JustinKernoghan,Justin Kernoghan
5ec97da445aa29c1ab606e0e,MGAdining,MGA Dining
5ec97da445aa29c1ab606e0f,BryanBarclay,Bryan Barclay
5ec97da545aa29c1ab606e10,IntelRegion,Intel Region
5ec97da645aa29c1ab606e11,sfdb,SFDB
5ec97da645aa29c1ab606e12,GGiggias,Gifts By Giggias
5ec97da745aa29c1ab606e13,VamosTheatre,Vamos Theatre
5ec97da845aa29c1ab606e14,ChuiSansPapier,samohT ğŸ‘‘
5ec97da945aa29c1ab606e15,CrOwnSphMinX,â™¥ï¸ #Maitreya #MysticalLaw ğŸ“¿ğŸ™ğŸ½â™¥ï¸âœ¨
5ec97daa45aa29c1ab606e16,BirgittaDE2,BirgittaDE ğŸ— ğŸŒ¹#ForeignFriendsOfCatalonia
5ec97daa45aa29c1ab606e17,Mick__geek,Michael Nolan
5ec97dac45aa29c1ab606e18,Buzzfm897,Buzzfm89.7
5ec97dad45aa29c1ab606e19,KrunoCrazy,Kruno Crazy
5ec97dad45aa29c1ab606e1a,brummyOT,Claire Terrington
5ec97dae45aa29c1ab606e1b,tobicious_abhay,@cristiano Ronaldo fan ğŸŒ¼
5ec97daf45aa29c1ab606e1c,MKamediya,à¤ªà¤¤à¤‚à¤œà¤²à¤¿ à¤¯à¥à¤µà¤¾ à¤­à¤¾à¤°à¤¤ à¤¬à¤¾à¤™à¤®à¥‡à¤°
5ec97db045aa29c1ab606e1d,Macaodah1,ImNotSoSimp
5ec97db045aa29c1ab606e1e,RichmondTram,#WhoIsCelia
5ec97db145aa29c1ab606e1f,KBloor,Karen Bloor
5ec97db245aa29c1ab606e20,TubaElver,Tuba elver
5ec97db245aa29c1ab606e21,samy45,samy45
5ec97db345aa29c1ab606e22,dromedarshop,DromedarShop.com
5ec97db445aa29c1ab606e23,ben_tby,Ben Tby
5ec97db545aa29c1ab606e24,Terai15679,Jeff graves
5ec97db545aa29c1ab606e25,MasterKGE,Master Kai
5ec97db645aa29c1ab606e26,HaziqBotakBonch,-
5ec97db745aa29c1ab606e27,DWSnyder17,David Snyder
5ec97db845aa29c1ab606e28,Faraz44040288,Faraz
5ec97db845aa29c1ab606e29,spyonmetoo,"A. R. K. â¬…ï¸1,5mâ¡ï¸ ğŸŒ"
5ec97db945aa29c1ab606e2a,GrafFigure,GRAF Figure Skates
5ec97dba45aa29c1ab606e2b,Jacobtloose,Jacob Loose
5ec97dbb45aa29c1ab606e2c,HealthyFare4Kid,Healthy Fare 4 Kids
5ec97dbc45aa29c1ab606e2d,nupursaklecha,nupur saklecha
5ec97dbc45aa29c1ab606e2e,adefunmiloye,funmo
5ec97dbd45aa29c1ab606e2f,GURLALpb03,GURLALğŸ’¥
5ec97dbe45aa29c1ab606e30,SuttonMHF,SMHF
5ec97dbe45aa29c1ab606e31,moof52,John Helton
5ec97dbf45aa29c1ab606e32,bushybusra,Bushy
5ec97dc045aa29c1ab606e33,NavigatorCU,Navigator CU
5ec97dc045aa29c1ab606e34,kobi2real,Kobi
5ec97dc145aa29c1ab606e35,RNani134,ROHIT Vinod
5ec97dc245aa29c1ab606e36,CinemaRooms,Cinema Rooms Ltd
5ec97dc245aa29c1ab606e37,WeedMates2You,Peyote Cult
5ec97dc345aa29c1ab606e38,JustinKernoghan,Justin Kernoghan
5ec97dc445aa29c1ab606e39,MartinaRosemann,ğ™ˆğ™–ğ™§ğ™©ğ™ğ™£ğ™– ğ™ğ™¤ğ™¨ğ™šğ™¢ğ™–ğ™£ğ™£ ğŸŒ¹ğŸ˜ğŸ‡©ğŸ‡ª
5ec97dc445aa29c1ab606e3a,SharonNever,Sharon Clark
5ec97dc545aa29c1ab606e3b,MarthaPerezBook,Martha Perez
5ec97dc645aa29c1ab606e3c,pausedbycovid,paused
5ec97dc645aa29c1ab606e3d,Artur97723385,Artur
5ec97dc745aa29c1ab606e3e,Petrolheadsarah,Sarah Rigby
5ec97dc845aa29c1ab606e3f,iam_deson,Shugar Daday!
5ec97dc845aa29c1ab606e40,AbleLikes,ğŸŒ¸LikesğŸŒ¸
5ec97dca45aa29c1ab606e41,MartinaRosemann,ğ™ˆğ™–ğ™§ğ™©ğ™ğ™£ğ™– ğ™ğ™¤ğ™¨ğ™šğ™¢ğ™–ğ™£ğ™£ ğŸŒ¹ğŸ˜ğŸ‡©ğŸ‡ª
5ec97dcb45aa29c1ab606e42,chrisnorris,Christo (au)
5ec97dcb45aa29c1ab606e43,IGNIA_Fund,IGNIA
5ec97dcc45aa29c1ab606e44,kazekenny,kaze kennedy ğŸ‡·ğŸ‡¼
5ec97dcd45aa29c1ab606e45,DuncanWatson,Duncan Watson
5ec97dce45aa29c1ab606e46,makewordsbot,Scrabble Practice
5ec97dce45aa29c1ab606e47,GermanDCForum,German DC Forum
5ec97dcf45aa29c1ab606e48,TheDemolaExpoze,Demola Expoze
5ec97dd045aa29c1ab606e49,VMan925,Frank V
5ec97dd145aa29c1ab606e4a,andrew_hormiz,Andrew Hormiz
5ec97dd145aa29c1ab606e4b,BSACCRP,Bedford to St Albans City CRP
5ec97dd245aa29c1ab606e4c,thecricketmen,TheCricketMen
5ec97dd345aa29c1ab606e4d,AERGFAMILY,AERG
5ec97dd345aa29c1ab606e4e,Gindy,Gindy
5ec97dd445aa29c1ab606e4f,shineforeuer,tek. lock
5ec97dd545aa29c1ab606e50,detepoherty,diamanton
5ec97dd545aa29c1ab606e51,MillzNina,NinaMillz
5ec97dd645aa29c1ab606e52,Brian_Whit,Brian Whitaker
5ec97dd745aa29c1ab606e53,Ballout30,KelvinAdj
5ec97dd845aa29c1ab606e54,Fan57Nathan,Heike Ritschel
5ec97dd945aa29c1ab606e55,U2_News,U2News
5ec97dd945aa29c1ab606e56,nickg0804,Nick
5ec97dda45aa29c1ab606e57,carloverteam,Carlover
5ec97dda45aa29c1ab606e58,adekleine,angie de kleine ğŸ‡³ğŸ‡±ğŸ‡ªğŸ‡ºğŸ‡©ğŸ‡ªğŸ‡ºğŸ‡¸ğŸ‡¨ğŸ‡¦ğŸ—½
5ec97ddb45aa29c1ab606e59,dahomey_dockery,Fresh Vandicooch
5ec97ddc45aa29c1ab606e5a,RedPillDetox,ğŸŒˆĞ¯ÎÃPÅ‚ÅÅÃÎtĞ¤Ğ–ğŸŒŠ
5ec97dde45aa29c1ab606e5b,VandanaGyan,Vandana Gyanchandani
5ec97dde45aa29c1ab606e5c,GaryAllan,GaryAllan
5ec97ddf45aa29c1ab606e5d,EMILIOMARINROIG,Emilioteayuda.com
5ec97de045aa29c1ab606e5e,Bongusandisiwe,Bongusandisiwe_Gumede
5ec97de145aa29c1ab606e5f,writin4change,Janet Ilko. EdD
5ec97de145aa29c1ab606e60,CosoroRadio,Cosoro Radio UK
5ec97de245aa29c1ab606e61,nripesh_kashyap,DIE HARD ADIAN  ğŸ‡®ğŸ‡³
5ec97de345aa29c1ab606e62,DrJennyRose,Dr Jenny Rose
5ec97de345aa29c1ab606e63,eurasianabe,agungabesuryaâ„¢
5ec97de445aa29c1ab606e64,Nelima2018,ENelima
5ec97de545aa29c1ab606e65,bwplusprairiein,BW Plus Prairie Inn
5ec97de645aa29c1ab606e66,ShirichieKudo,Richie Sambora
5ec97de745aa29c1ab606e67,brentphoto_nyc,Brent Wilkins ğŸ‡ºğŸ‡¸ğŸ‡«ğŸ‡·
5ec97de745aa29c1ab606e68,AGUILERA_Jonath,ScrÃ¡nnyÂ® Jonnathan
5ec97de845aa29c1ab606e69,BrookhavenLaw,Sarah Siedentopf
5ec97de945aa29c1ab606e6a,Amber02150,HeatherğŸ’
5ec97de945aa29c1ab606e6b,NewMediaMB,New Media Manitoba
5ec97dea45aa29c1ab606e6c,BeachBreakCoz,Beach Break-Cozumel
5ec97deb45aa29c1ab606e6d,TF9JA,TF
5ec97deb45aa29c1ab606e6e,shineforeuer,tek. lock
5ec97dec45aa29c1ab606e6f,lilannie11,Ann
5ec97ded45aa29c1ab606e70,Oswaldo01724452,Oswaldo Granados
5ec97dee45aa29c1ab606e71,Amber02150,HeatherğŸ’
5ec97dee45aa29c1ab606e72,alejo_mansilla,panfletito
5ec97def45aa29c1ab606e73,SajidAli418,sajid khan
5ec97df045aa29c1ab606e74,rcoupon4,Rcoupon4
5ec97df045aa29c1ab606e75,HeisLindo,"baby's baby"
5ec97df145aa29c1ab606e76,doublepizzle07,Thomas
5ec97df145aa29c1ab606e77,pausedbycovid,paused
5ec97df245aa29c1ab606e78,PAturnpikefan,ğŸ™ğŸ™ğŸ™
5ec97df345aa29c1ab606e79,GowthamCharan6,Rebel Star ğŸ”¥ğŸ¤™ğŸ»
5ec97df445aa29c1ab606e7a,ShersSun,3Glow
5ec97df545aa29c1ab606e7b,rumanticolatino,Bozbici Lenut Milut
5ec97df545aa29c1ab606e7c,IrvSmith8284,IRV Smith
5ec97df645aa29c1ab606e7d,Bader_AlQabandi,Ø¨Ø¯Ø± Ø§Ù„Ù‚Ø¨Ù†Ø¯ÙŠ
5ec97df745aa29c1ab606e7e,tidd13,nathan
5ec97df845aa29c1ab606e7f,anna_birch1,Anna Birch
5ec97df845aa29c1ab606e80,DT_Educ,Dogs Trust Education
5ec97df945aa29c1ab606e81,italianostyle2,Francisco
5ec97dfa45aa29c1ab606e82,lorenmillerCH,Loren M - Claire House
5ec97dfa45aa29c1ab606e83,RoseannaChew,Roseanna Chew
5ec97dfb45aa29c1ab606e84,clarinetwoman2,michal beit halachmi ğŸ”¥
5ec97dfc45aa29c1ab606e85,ffa800,Kaonashi
5ec97dfd45aa29c1ab606e86,JadeJensen29,Jade Jensen ğŸ‡ºğŸ‡¸â˜®ï¸â„ï¸ğŸ†˜
5ec97dfd45aa29c1ab606e87,BollywoodKnocks,Bollywood Knocks
5ec97dfe45aa29c1ab606e88,CrazeeFrench,CrazyFrench
5ec97dff45aa29c1ab606e89,grxtzky,MeadowLands
5ec97dff45aa29c1ab606e8a,NaomKemunto5,Naom KemuntoğŸ‡°ğŸ‡ª
5ec97e0045aa29c1ab606e8b,Yzaak06,Yzaak-El tigre dientes de sable
5ec97e0145aa29c1ab606e8c,thembi_kola,MsT #OurLand
5ec97e0145aa29c1ab606e8d,adreano_calcio,Adreano Di Nardo
5ec97e0245aa29c1ab606e8e,Meish52,Meish .. #FBPE
5ec97e0345aa29c1ab606e8f,NewDoggieMom,Lets Talk Dogs
5ec97e0345aa29c1ab606e90,FSLatBGSU,FSL@BGSU
5ec97e0445aa29c1ab606e91,valdecimatheus,V A L D E C O
5ec97e0545aa29c1ab606e92,sectest9,Security Testing
5ec97e0545aa29c1ab606e93,Oi__4i,â™¥â˜…â„ŒÎá•Šâ˜…â™¥
5ec97e0645aa29c1ab606e94,capegreco,Charis â›µï¸
5ec97e0745aa29c1ab606e95,CyberSecurityN8,Cyber Security News
5ec97e0745aa29c1ab606e96,akotopam,Akotopam News ğŸ‡¿ğŸ‡¦
5ec97e0845aa29c1ab606e97,f1gue_caro,Carolina Figueroa H.
5ec97e0945aa29c1ab606e98,ELTAugusta,Augusta Avram
5ec97e0945aa29c1ab606e99,parbinder_kaur,Parbinder kaur
5ec97e0a45aa29c1ab606e9a,MirrorFootball,Mirror Football
5ec97e0b45aa29c1ab606e9b,PunyaSugu,Guru Prasad
5ec97e0b45aa29c1ab606e9c,GilmoreFestival,Gilmore Keyboard Festival
5ec97e0c45aa29c1ab606e9d,DisabilityUK,Focus on Disability
5ec97e0d45aa29c1ab606e9e,NornickelGroup,Nornickel
5ec97e0e45aa29c1ab606e9f,NuriyArisa,Nuriy
5ec97e0e45aa29c1ab606ea0,thecricketmen,TheCricketMen
5ec97e0f45aa29c1ab606ea1,AlyssaMF48,A F
5ec97e1045aa29c1ab606ea2,DesmondSafari,desmond safari
5ec97e1045aa29c1ab606ea3,kaminaswife,Lio chikito
5ec97e1145aa29c1ab606ea4,sachint43,sachint43
5ec97e1245aa29c1ab606ea5,realJohn_Stiles,John Stiles
5ec97e1345aa29c1ab606ea6,ForcedHappenst1,Forced  Happenstance
5ec97e1445aa29c1ab606ea7,cupcakeali1,nadine walden
5ec97e1445aa29c1ab606ea8,ajourjewelry,A Jour Jewelry
5ec97e1545aa29c1ab606ea9,hanibear93,Hani is a zombieğŸŒ¼
5ec97e1645aa29c1ab606eaa,cupcakeali1,nadine walden
5ec97e1645aa29c1ab606eab,MICThurles,MIC Thurles #StayAtHome
5ec97e1745aa29c1ab606eac,Stubborn44708,Stubborn
5ec97e1845aa29c1ab606ead,twiithit,TwiitHIT
5ec97e1945aa29c1ab606eae,iamashwinrouth,Ashwin
5ec97e1945aa29c1ab606eaf,mariavartha,ÎœÎ‘Î¡Î™Î‘ Î’.
5ec97e1a45aa29c1ab606eb0,Kennedy252505,AnDy025
5ec97e1b45aa29c1ab606eb1,FrankLlama,Frank Llama
5ec97e1b45aa29c1ab606eb2,joyceamery,JM
5ec97e1c45aa29c1ab606eb3,chickwhobiz,Alexandra Nestertchouk
5ec97e1d45aa29c1ab606eb4,juambazoca,JUAMBAZOCA
5ec97e1e45aa29c1ab606eb5,PQpromo,ğğ ğŸ…ŸğŸ…¡ğŸ…ğŸ…œğŸ…
5ec97e1e45aa29c1ab606eb6,SonokHakan,TÃœRKÄ°YE CUMHURÄ°YETÄ° HAKAN SONOK
5ec97e1f45aa29c1ab606eb7,pataylor5,Tricia
5ec97e1f45aa29c1ab606eb8,PIPSub,ğŸ’‹ğŸ’‹ #ğ•ğ• ğ•¤ğ•šğ•–ğ•¤â„™ğ•£ğ• ğ•ğ• ğ•¥ğ•šğ• ğ•Ÿğ•¤ ğŸ’‹ğŸ’‹
5ec97e2045aa29c1ab606eb9,allhandball_de,allhandball
5ec97e2145aa29c1ab606eba,matsobaneramoko,useyourbrains
5ec97e2145aa29c1ab606ebb,pearleliadis,Pearl Eliadis
5ec97e2245aa29c1ab606ebc,Nidhi74286111,Nidhi
5ec97e2345aa29c1ab606ebd,painsworth512,Phony Parker
5ec97e2445aa29c1ab606ebe,bindass69,Â®Â¥à¹Ã¼&Êâ‚¬ ğŸŒ
5ec97e2445aa29c1ab606ebf,mystylehfb,My Style
5ec97e2545aa29c1ab606ec0,zurkho1,garuzuko
5ec97e2645aa29c1ab606ec1,wrmly,WP Multi-language
5ec97e2645aa29c1ab606ec2,maingid30,davie lastborn
5ec97e2745aa29c1ab606ec3,bindass69,Â®Â¥à¹Ã¼&Êâ‚¬ ğŸŒ
5ec97e2845aa29c1ab606ec4,sahni4242,stay strong
5ec97e2845aa29c1ab606ec5,tdsbMsP,DianaPanagiotopoulos
5ec97e2945aa29c1ab606ec6,OperaNewsHubNG,Opera News Hub Nigeria
5ec97e2a45aa29c1ab606ec7,liverpoolt1m9s,liverpoolfc19times
5ec97e2a45aa29c1ab606ec8,CoronaLiveStats,Corona Live Stats
5ec97e2b45aa29c1ab606ec9,dovetailproject,The Dovetail Project
5ec97e2c45aa29c1ab606eca,DailyStar_Sport,Daily Star Sport
5ec97e2d45aa29c1ab606ecb,luigi_m03,Luigi
5ec97e2d45aa29c1ab606ecc,CasaFinanceCity,Casablanca Finance City
5ec97e2e45aa29c1ab606ecd,elaine_costigan,Elaine Costigan
5ec97e2f45aa29c1ab606ece,fggssmbaa,à¹€à¸ªà¸·à¸­à¹ƒà¸«à¸à¹ˆà¹€à¸›à¹‡à¸™à¸«à¸¡à¸²à¸­à¹‰à¸§à¸‡à¸‡à¸‡à¸‡à¸‡
5ec97e3045aa29c1ab606ecf,gooddogsbot,gooddogs
5ec97e3045aa29c1ab606ed0,haskell420,Edward Herrel
5ec97e3145aa29c1ab606ed1,ElynaWinchester,Elyna Winchester
5ec97e3145aa29c1ab606ed2,FOBKathua,"Field Outreach Bureau, Kathua(J&K)"
5ec97e3245aa29c1ab606ed3,wildmarshphoto,Wild Marsh Products
5ec97e3345aa29c1ab606ed4,TheSheldonBrand,Sheldon Smith
5ec97e3345aa29c1ab606ed5,bettinaschroed5,Bettina Schroeder
5ec97e3445aa29c1ab606ed6,bettinaschroed5,Bettina Schroeder
5ec97e3545aa29c1ab606ed7,Dogonca_,Dogonca
5ec97e3645aa29c1ab606ed8,RonSiliko,Ron Siliko
5ec97e3645aa29c1ab606ed9,RebeccaM_TKD,Rebecca Mcgowan
5ec97e3745aa29c1ab606eda,haskell420,Edward Herrel
5ec97e3845aa29c1ab606edb,Altor79256445,Altor
5ec97e3845aa29c1ab606edc,Induct_MLE_2021,"Fan Account ğŸ¸ RRHOF, Induct Melissa Etheridge!"
5ec97e3945aa29c1ab606edd,CoronaLiveStats,Corona Live Stats
5ec97e3945aa29c1ab606ede,SharonNever,Sharon Clark
5ec97e3a45aa29c1ab606edf,Shingo333333,ğŸŒ¿ğŸŒ¿ğŸŒ¿ ã‚¢ãƒ•ãƒ­ã¡ã‚ƒã‚“ ğŸŒ¿ğŸŒ¿ğŸŒ¿
5ec97e3b45aa29c1ab606ee0,farhanTG786,FarhanTG
5ec97e3c45aa29c1ab606ee1,MzzSek,Mzz_Sek
5ec97e3d45aa29c1ab606ee2,Mattl_w,Matthew Williams
5ec97e3d45aa29c1ab606ee3,SWETHATHYAGARAJ,DUDDUKURU THYAGARAJU
5ec97e3e45aa29c1ab606ee4,shutupshahbab,Shahbab Choudhury
5ec97e3f45aa29c1ab606ee5,rrosen_italy,Robert Rosen
5ec97e3f45aa29c1ab606ee6,jimscorpy,Jimmy Chew
5ec97e4045aa29c1ab606ee7,_partyfavor,Ğ­Ğ½Ñ€Ğ¸ÌĞºĞµ
5ec97e4145aa29c1ab606ee8,Meish52,Meish .. #FBPE
5ec97e4245aa29c1ab606ee9,KWhitneyDaniels,K. Whitney-Daniels
5ec97e4345aa29c1ab606eea,RiteshVerma05,à¤°à¤¿à¤¤à¥‡à¤¶ à¤µà¤°à¥à¤®à¤¾ ğŸ‡®ğŸ‡³
5ec97e4345aa29c1ab606eeb,B_R_Johnston,Brian Johnston
5ec97e4445aa29c1ab606eec,AroniSteam,Aronissteam
5ec97e4545aa29c1ab606eed,StrategicEdgeIn,Strategic Edge Int.
5ec97e4545aa29c1ab606eee,AlangReo1,AlangMyrul_reo
5ec97e4645aa29c1ab606eef,The_aladeayo,AYO
5ec97e4745aa29c1ab606ef0,Dingo_HR,Dinko DeÅ¡koviÄ‡
5ec97e4745aa29c1ab606ef1,PaolaBiodanza,Biodanza with Paola
5ec97e4845aa29c1ab606ef2,WitnessingHist,Witnessing History Education Foundation Inc
5ec97e4945aa29c1ab606ef3,BlessinOkoye,Blessing Okoye
5ec97e4a45aa29c1ab606ef4,Glen_Moyo,Glenda
5ec97e4b45aa29c1ab606ef5,wm_noricha,ã®ã‚Šã¡ã‚ƒãğ“‚€
5ec97e4b45aa29c1ab606ef6,RustyHeitz,Rusty Heitz
5ec97e4c45aa29c1ab606ef7,mz_2mie,MOROLAKE
5ec97e4d45aa29c1ab606ef8,CasaFinanceCity,Casablanca Finance City
5ec97e4d45aa29c1ab606ef9,lynnekinst,Lynne Kinst
5ec97e4e45aa29c1ab606efa,thecricketmen,TheCricketMen
5ec97e4f45aa29c1ab606efb,celebesports_,Celebrity Esports
5ec97e4f45aa29c1ab606efc,alanroyhocking,Alan Roy Hocking
5ec97e5045aa29c1ab606efd,HanahShsus,Mike Bolt
5ec97e5145aa29c1ab606efe,celebesports_,Celebrity Esports
5ec97e5245aa29c1ab606eff,Kunsito4,Kunsito
5ec97e5345aa29c1ab606f00,pirateswag1,pirateswag@ntlworld.com
5ec97e5345aa29c1ab606f01,DArvindojha,DrARVINDOJHA
5ec97e5545aa29c1ab606f02,thirty30tennis,thirty30tennis
5ec97e5645aa29c1ab606f03,DArvindojha,DrARVINDOJHA
5ec97e5745aa29c1ab606f04,CrOwnSphMinX,â™¥ï¸ #Maitreya #MysticalLaw ğŸ“¿ğŸ™ğŸ½â™¥ï¸âœ¨
5ec97e5845aa29c1ab606f05,PantsIsBad,Pants is Bad
5ec97e5845aa29c1ab606f06,CmdKolo,Command Kolo
5ec97e5945aa29c1ab606f07,Hd2pvmaSP7ul44v,ì´í˜„ì •
5ec97e5a45aa29c1ab606f08,Shingo333333,ğŸŒ¿ğŸŒ¿ğŸŒ¿ ã‚¢ãƒ•ãƒ­ã¡ã‚ƒã‚“ ğŸŒ¿ğŸŒ¿ğŸŒ¿
5ec97e5a45aa29c1ab606f09,ClassicFM943,Classic FM 94.3 Abuja
5ec97e5b45aa29c1ab606f0a,MaryaleeScarlet,Maryalee Scarlet
5ec97e5c45aa29c1ab606f0b,janet_unsworth,Janet Unsworth
5ec97e5c45aa29c1ab606f0c,normawright43,Norma Wright
5ec97e5d45aa29c1ab606f0d,1980jul,laura naylor
5ec97e5e45aa29c1ab606f0e,wheneveryousay,simplemen
5ec97e5e45aa29c1ab606f0f,Juanchosuru_,Juan.
5ec97e5f45aa29c1ab606f10,year9jmclasscgb,year9jmclasscgb
5ec97e6045aa29c1ab606f11,_camtono,mal
5ec97e6045aa29c1ab606f12,pboroplayers,Peterborough Players
5ec97e6145aa29c1ab606f13,allesio013,alessio romagnoli
5ec97e6245aa29c1ab606f14,DExpress_Sport,Express Sport
5ec97e6345aa29c1ab606f15,normawright43,Norma Wright
5ec97e6345aa29c1ab606f16,GlenDhliwayo,El Professor ğŸ‡¿ğŸ‡¼ğŸ‡¨ğŸ‡³ğŸ‡¬ğŸ‡§ âœ°
5ec97e6445aa29c1ab606f17,NestonParkGPol,Neston & Parkgate Police
5ec97e6545aa29c1ab606f18,TheLastPirateLA,BonnieLynn ğŸ€ğŸ¥
5ec97e6545aa29c1ab606f19,dombane9,Slobodan MLADIC
5ec97e6645aa29c1ab606f1a,lisandraar34,Lisandra Alvarez Rodriguez
5ec97e6745aa29c1ab606f1b,StirMixxalot,Top$$helfğŸ¸
5ec97e6745aa29c1ab606f1c,dinllepark,Dinlle Caravan Park
5ec97e6845aa29c1ab606f1d,Griezmann_yab,Ù…Ø¨Ø§Ø±Ùƒ Ù¡Ù¤ğŸ‘‘
5ec97e6945aa29c1ab606f1e,EximDance,Exim Dance Company CIC
5ec97e6945aa29c1ab606f1f,HowToKeepYrJob,How To Keep Your Job
5ec97e6a45aa29c1ab606f20,GfdKara,Kara_GFD
5ec97e6b45aa29c1ab606f21,Danim4Creators,Danim for Creators
5ec97e6b45aa29c1ab606f22,SaahoDeepak,Deepak Saaho
5ec97e6c45aa29c1ab606f23,SallyMoen2,Sally Moen
5ec97e6d45aa29c1ab606f24,PurpleUniGroup,Purple Universe Group
5ec97e6d45aa29c1ab606f25,CoronaLiveStats,Corona Live Stats
5ec97e6e45aa29c1ab606f26,CzAdrianj,Adrian Cruz
5ec97e6f45aa29c1ab606f27,CasesCovid19,CasesCovid19
5ec97e6f45aa29c1ab606f28,AWCAA,"African Women's Cancer Awareness Association"
5ec97e7045aa29c1ab606f29,daveSeg47,Oluwasegun Omole
5ec97e7245aa29c1ab606f2a,CountryMeridian,"Country Inn & Suites by Radisson, Boise West, ID"
5ec97e7245aa29c1ab606f2b,247work,Tiana
5ec97e7345aa29c1ab606f2c,DieMulle,Margrit Koschut
5ec97e7445aa29c1ab606f2d,warkslibraries,Warwickshire Libraries
5ec97e7545aa29c1ab606f2e,infofifa3,info fifa
5ec97e7545aa29c1ab606f2f,unsilencevoices,Unsilenced Voices
5ec97e7645aa29c1ab606f30,CISHagerstown,"Country Inn & Suites by Radisson, Hagerstown, MD"
5ec97e7745aa29c1ab606f31,MmuiWabatho,Ota Benga
5ec97e7745aa29c1ab606f32,Kelvin63815676,kelvin kamau
5ec97e7845aa29c1ab606f33,bymindwy,MINDWY
5ec97e7945aa29c1ab606f34,RErbium,ruthenium erbium ğŸŒ¿
5ec97e7945aa29c1ab606f35,Dingo_HR,Dinko DeÅ¡koviÄ‡
5ec97e7a45aa29c1ab606f36,ChampionUSA,ChampionUSA
5ec97e7b45aa29c1ab606f37,Kent_M_Brown,Kent Masterson Brown
5ec97e7c45aa29c1ab606f38,booktheboat,BooktheBoat
5ec97e7c45aa29c1ab606f39,LISDSanchezOcho,SanchezOchoa Elem
5ec97e7d45aa29c1ab606f3a,Ismaeal_babah,Mr Inside life ğŸ”´
5ec97e7e45aa29c1ab606f3b,ColinFrizzell,Colin Frizzell
5ec97e7e45aa29c1ab606f3c,the_only_smoo,Smoo
5ec97e7f45aa29c1ab606f3d,TopMostShop,TopMostShop
5ec97e8045aa29c1ab606f3e,_joddyg,J. Scott Green
5ec97e8045aa29c1ab606f3f,RolfzenClare,Clare Rolfzen
5ec97e8145aa29c1ab606f40,vipvishal12,Vishal.
5ec97e8245aa29c1ab606f41,ShawnaSummers18,Shawna Summers
5ec97e8345aa29c1ab606f42,NolesBelson,Belson Noles
5ec97e8445aa29c1ab606f43,BadGirlRe,RğŸ¦‹ğŸŒ»âœ¨
5ec97e8445aa29c1ab606f44,HMeer2010,Helen Meerschaert
5ec97e8545aa29c1ab606f45,BadGirlRe,RğŸ¦‹ğŸŒ»âœ¨
5ec97e8645aa29c1ab606f46,troylib,troylib
5ec97e8645aa29c1ab606f47,_africangiant,al capone
5ec97e8745aa29c1ab606f48,HarrietStevoOT,Harriet Stephenson
5ec97e8845aa29c1ab606f49,JaredLaurie,Jared Laurie
5ec97e8945aa29c1ab606f4a,selewan_,Jusili
5ec97e8a45aa29c1ab606f4b,Matty_Travers,Matthew Travers
5ec97e8b45aa29c1ab606f4c,JaredLaurie,Jared Laurie
5ec97e8c45aa29c1ab606f4d,secysherry,Sherry
5ec97e8c45aa29c1ab606f4e,realCthepower,Cheryl ğŸ•œ â­ï¸â­ï¸â­ï¸
5ec97e8d45aa29c1ab606f4f,mutsa44,Mutsa
5ec97e8e45aa29c1ab606f50,PaulBrownEFC,Paul Brown
5ec97e8e45aa29c1ab606f51,devonwithkids,devonwithkids
5ec97e8f45aa29c1ab606f52,DavidMa21410608,lastborn
5ec97e9045aa29c1ab606f53,Nicolas19119859,Nicolas Gomez
5ec97e9145aa29c1ab606f54,emekaahanonu,Emeka Ahanonu
5ec97e9145aa29c1ab606f55,_ukactive,ukactive
5ec97e9245aa29c1ab606f56,_norfolkprop,Norfolk Property
5ec97e9345aa29c1ab606f57,kanzen_radio,Kanzen Records Radio
5ec97e9345aa29c1ab606f58,Maheshf85945896,Maheshfan
5ec97e9445aa29c1ab606f59,official_Dr0207,Clixisdad
5ec97e9545aa29c1ab606f5a,tochi_ruth,TeeCeyğŸ’ƒğŸ›¡
5ec97e9545aa29c1ab606f5b,vitchimusiq,OriginalBadBoy
5ec97e9645aa29c1ab606f5c,DeuceBeGoinIn,Papa Deuce
5ec97e9745aa29c1ab606f5d,kanuti1977,Fco JesÃºsğŸ¤˜
5ec97e9745aa29c1ab606f5e,IhadaStream,iiSenPai
5ec97e9945aa29c1ab606f5f,CallMeCharmin,Dieu DonnÃ©
5ec97e9a45aa29c1ab606f60,JujuThe3rd,Bantu Warrior King ğŸ’ğŸ‡¨ğŸ‡©xğŸ‡¨ğŸ‡¦
5ec97e9b45aa29c1ab606f61,IamKumbi,Don Kumbi ğŸ¦
5ec97e9b45aa29c1ab606f62,MehmetO33440789,Mehmet Orhan
5ec97e9c45aa29c1ab606f63,_ianMD,81.
5ec97e9d45aa29c1ab606f64,pranggiint,à¸à¸£à¸°à¸•à¹ˆà¸²à¸¢à¸„à¸´à¸¡ğŸ˜ˆâ™¡
5ec97e9d45aa29c1ab606f65,cris_hoskin,Cris Hoskin
5ec97e9e45aa29c1ab606f66,thecricketmen,TheCricketMen
5ec97e9f45aa29c1ab606f67,TorontoFC,Toronto FC
5ec97e9f45aa29c1ab606f68,otiose94,otiose94
5ec97ea045aa29c1ab606f69,MrPabloSantos,Mr Pablo Santos
5ec97ea145aa29c1ab606f6a,JayInDetroit,Jay Peters
5ec97ea245aa29c1ab606f6b,KadyMiddleton,Kady Middleton
5ec97ea245aa29c1ab606f6c,Abdullah7Alo,abdullah Alotaibi
5ec97ea345aa29c1ab606f6d,apwpoet,Scott Reid
5ec97ea445aa29c1ab606f6e,CoSpaces_Edu,CoSpaces Edu
5ec97ea545aa29c1ab606f6f,Yungbossxclusiv,adeDAMOLA
5ec97ea545aa29c1ab606f70,DustinMast29,Dustin Mast
5ec97ea645aa29c1ab606f71,FidyAnas,Fidy Anas
5ec97ea745aa29c1ab606f72,graemefancourt,Graeme Fancourt
5ec97ea745aa29c1ab606f73,aspitweets,Thomas Sutcliffe
5ec97ea845aa29c1ab606f74,GranniesGems,Grannie G
5ec97ea945aa29c1ab606f75,funkyguy32,Kingcuni
5ec97ea945aa29c1ab606f76,emilybader,Emily Bader
5ec97eaa45aa29c1ab606f77,autismafter18,Karyn Day
5ec97eab45aa29c1ab606f78,aspitweets,Thomas Sutcliffe
5ec97eac45aa29c1ab606f79,Amakomjoeyb,AMAKOM JOEY B(Parker)ğŸ‘‘ğŸ”‘ğŸ™ğŸ¾ğŸŒğŸ‡¬ğŸ‡­ğŸ‡¿ğŸ‡¦
5ec97eac45aa29c1ab606f7a,arriegua78,maria carmo
5ec97ead45aa29c1ab606f7b,TayyabaWaqas94,Iâ€™m Tayyaba WaqasğŸ’
5ec97eae45aa29c1ab606f7c,ladyp510,Pernella B.
5ec97eae45aa29c1ab606f7d,GGiggias,Gifts By Giggias
5ec97eaf45aa29c1ab606f7e,somegoodnews,Some Good News
5ec97eb045aa29c1ab606f7f,StarkeyInc,Starkey Inc.
5ec97eb045aa29c1ab606f80,BoriquaGoddess,Domestic GoddessğŸ‡ºğŸ‡¸
5ec97eb145aa29c1ab606f81,aspitweets,Thomas Sutcliffe
5ec97eb245aa29c1ab606f82,MrMondoCane,Mr.MondoCane
5ec97eb245aa29c1ab606f83,Lanny691,Lanny69
5ec97eb345aa29c1ab606f84,Tayyaba__94,â¤ï¸KHOğŸ…±ğŸ…°NiğŸ§¸ğŸ’«
5ec97eb445aa29c1ab606f85,NotBarry97,RAGHJ
5ec97eb445aa29c1ab606f86,aspitweets,Thomas Sutcliffe
5ec97eb545aa29c1ab606f87,Amakomjoeyb,AMAKOM JOEY B(Parker)ğŸ‘‘ğŸ”‘ğŸ™ğŸ¾ğŸŒğŸ‡¬ğŸ‡­ğŸ‡¿ğŸ‡¦
5ec97eb645aa29c1ab606f88,skeletond100,The Lazy Skeleton æ­£ä¸» ğŸ‡°ğŸ‡·ğŸ‡ºğŸ‡¸â¤ï¸ğŸ’€
5ec97eb645aa29c1ab606f89,Pepejrking,Pepe Jr
5ec97eb745aa29c1ab606f8a,SupStreamersRT2,SocialLinks.co
5ec97eb845aa29c1ab606f8b,ZahirYossef,saint.
5ec97eb845aa29c1ab606f8c,Tayyaba__94,â¤ï¸KHOğŸ…±ğŸ…°NiğŸ§¸ğŸ’«
5ec97eb945aa29c1ab606f8d,JULIE3692YNWA,Jules LFC* ğŸ”´ğŸ’šâ“‹ğŸ´ó §ó ¢ó ·ó ¬ó ³ó ¿â­â­â­â­â­â­
5ec97eba45aa29c1ab606f8e,aspitweets,Thomas Sutcliffe
5ec97eba45aa29c1ab606f8f,jackson32343039,æ–©ç˜Ÿç¥
5ec97ebb45aa29c1ab606f90,Johnnyfnb2,Johnnyfnb
5ec97ebc45aa29c1ab606f91,kanuti1977,Fco JesÃºsğŸ¤˜
5ec97ebc45aa29c1ab606f92,LivingCozy,Living Cozy ğŸ‘¼ğŸ’—ğŸ¡ğŸ’—ğŸ‘¼
5ec97ebd45aa29c1ab606f93,PenelopeRuzy,Rock & Tattoo Lady
5ec97ebe45aa29c1ab606f94,CameronNiesman,Cam Cam
5ec97ebe45aa29c1ab606f95,frans_nijhof,Frans Nijhof
5ec97ebf45aa29c1ab606f96,aspitweets,Thomas Sutcliffe
5ec97ec045aa29c1ab606f97,aspitweets,Thomas Sutcliffe
5ec97ec045aa29c1ab606f98,kraljski,Craig
5ec97ec145aa29c1ab606f99,amitkk1,Amit K Khanchandani
5ec97ec245aa29c1ab606f9a,rfren07,Rfren07â­â­â­
5ec97ec245aa29c1ab606f9b,aspitweets,Thomas Sutcliffe
5ec97ec345aa29c1ab606f9c,Nseoa14,Moses Nsereko
5ec97ec445aa29c1ab606f9d,laurenlcorbin4,"laurenlcorbin, CAE"
5ec97ec445aa29c1ab606f9e,musebbar,Musebbar
5ec97ec545aa29c1ab606f9f,contrary_hoff,TheWrathofCon ğŸ˜·ğŸ°ğŸ¨ğŸ“·ğŸ”­ğŸ‘©â€ğŸŒ¾ğŸ“–ğŸ›¶#DemCastOH
5ec97ec645aa29c1ab606fa0,aspitweets,Thomas Sutcliffe
5ec97ec645aa29c1ab606fa1,HeartBrokenArt1,HeartBrokenArtistStudio
5ec97ec745aa29c1ab606fa2,thecricketmen,TheCricketMen
5ec97ec845aa29c1ab606fa3,Bighead344,Bighead
5ec97ec845aa29c1ab606fa4,TheOtherMessi,Usmaan
5ec97ec945aa29c1ab606fa5,geturshittgtffs,buffbabyy
5ec97eca45aa29c1ab606fa6,wshawn527,Shawn D. MainMan
5ec97eca45aa29c1ab606fa7,SonOfMMonroe,SonOfMMonroe
5ec97ecb45aa29c1ab606fa8,muhdgr016,MR ROOM WIDEğŸ‘€
5ec97ecd45aa29c1ab606fa9,KelvinNanaAdu1,Kelvin Liitle ğŸ»ğŸ˜‡ğŸ˜‡ğŸ˜‡
5ec97ece45aa29c1ab606faa,KJaydeux,Smileyâ€™s People
5ec97ecf45aa29c1ab606fab,MariferMC2,Marifer Moncada
5ec97ed045aa29c1ab606fac,FA5353AF,Faisal
5ec97ed145aa29c1ab606fad,EurovisionWolf,Wolfgang #TeamESCğŸ‡®ğŸ‡¹ğŸ‡³ğŸ‡´ğŸ‡¨ğŸ‡­ğŸ’•
5ec97ed145aa29c1ab606fae,khilen_shah,Khilen Shah
5ec97ed245aa29c1ab606faf,WorplesdonPC,Worplesdon Parish Council
5ec97ed345aa29c1ab606fb0,chef_bennym,Benny Masekwameng
5ec97ed345aa29c1ab606fb1,ZornDirk,Dirk Zorn
5ec97ed445aa29c1ab606fb2,JohnMartini3,NYC Mind Expansion
5ec97ed545aa29c1ab606fb3,16Robert67,robert
5ec97ed645aa29c1ab606fb4,bbnglasgow,bbnglasgow
5ec97ed645aa29c1ab606fb5,khansportz,B  A
5ec97ed845aa29c1ab606fb6,forthepurr,TheLoveofCats
5ec97ed845aa29c1ab606fb7,SuAlderson,Honeysuckle Cottage
5ec97eda45aa29c1ab606fb8,code_dot,Code Dot
5ec97edb45aa29c1ab606fb9,greer_zyl,Greer Van Zyl
5ec97edb45aa29c1ab606fba,RoAungSan1,Ro Aung San
5ec97edc45aa29c1ab606fbb,WorkInjuryESQ,Fletcher Brown
5ec97edd45aa29c1ab606fbc,BlueJay58523226,The Blue Jay Times
5ec97edd45aa29c1ab606fbd,disruptordavies,Cllr Jonathan Davies #PuttingCumbriaFirst
5ec97ede45aa29c1ab606fbe,FaragoAdi,Adi Farago
5ec97edf45aa29c1ab606fbf,Sylveon_Ads,Sometimes u just be vegatable
5ec97edf45aa29c1ab606fc0,RonaldVgx,Ronald
5ec97ee045aa29c1ab606fc1,StuartLFC96,Stuart #StayHome ğŸ 
5ec97ee145aa29c1ab606fc2,TamsterzTJ,á´›á´Š É´Éªá´…ÊœÉªÉ´ á´‹á´œÊ€Éªá´€á´‹á´êœ±á´‡
5ec97ee145aa29c1ab606fc3,JohnMartini3,NYC Mind Expansion
5ec97ee245aa29c1ab606fc4,Co0kieBoy,Patryk Zalewski
5ec97ee345aa29c1ab606fc5,feverandfuss,Justin White (he/him)
5ec97ee445aa29c1ab606fc6,r3mymg,Oluwaremilekun ğŸ•Š
5ec97ee445aa29c1ab606fc7,drchrisahmad,Dr. Chris Ahmad
5ec97ee545aa29c1ab606fc8,r3mymg,Oluwaremilekun ğŸ•Š
5ec97ee645aa29c1ab606fc9,nightnurs3,Claire Mahon CoachğŸ˜· #stayhomesavelives #washhands
5ec97ee645aa29c1ab606fca,jhainley1,Cactus
5ec97ee745aa29c1ab606fcb,bbcjohnmurray,John Murray
5ec97ee845aa29c1ab606fcc,painsworth512,Phony Parker
5ec97ee845aa29c1ab606fcd,JohnMartini3,NYC Mind Expansion
5ec97ee945aa29c1ab606fce,LadyWesner,ÊŸÉªÉ´á´…sá´€Ê á´¡á´‡sÉ´á´‡Ê€
5ec97eea45aa29c1ab606fcf,cristina3popa,Cristina Popa
5ec97eea45aa29c1ab606fd0,mmolaigaone,G.A.O.N.EğŸ‡§ğŸ‡¼
5ec97eeb45aa29c1ab606fd1,lifeslurp,LifeSlurp
5ec97eec45aa29c1ab606fd2,ShogunXCIV,ShogunXCIV
5ec97eed45aa29c1ab606fd3,jhainley1,Cactus
5ec97eed45aa29c1ab606fd4,jhainley1,Cactus
5ec97eee45aa29c1ab606fd5,Amakomjoeyb,AMAKOM JOEY B(Parker)ğŸ‘‘ğŸ”‘ğŸ™ğŸ¾ğŸŒğŸ‡¬ğŸ‡­ğŸ‡¿ğŸ‡¦
5ec97eef45aa29c1ab606fd6,MAfia_zody,Mafia President ğŸ•µ
5ec97eef45aa29c1ab606fd7,IncreaserB,MatsananaJB
5ec97ef045aa29c1ab606fd8,smolbribri,umeeeğŸˆğŸ”
5ec97ef145aa29c1ab606fd9,BearMcLoughlin,Barry McLoughlin
5ec97ef145aa29c1ab606fda,muhdgr016,MR ROOM WIDEğŸ‘€
5ec97ef245aa29c1ab606fdb,1132Zoom2282,Jo
5ec97ef345aa29c1ab606fdc,arishikalee1197,â€¢â€â€¢ SÎ±ÏÎ¹É³Î± RÎ±Ô‹É±Î± AÉ±Î±Ê…Î¹Î± â€¢â€â€¢
5ec97ef445aa29c1ab606fdd,101Woodworking,Woodworking Projects 101
5ec97ef445aa29c1ab606fde,rozharlem45,RosallynğŸ—½ğŸ³ï¸â€ğŸŒˆ
5ec97ef545aa29c1ab606fdf,BakerLackey,@PeterBakerBooks @EarthsCallBooks
5ec97ef645aa29c1ab606fe0,Comichaus,Comichaus
5ec97ef645aa29c1ab606fe1,diyosemitepark,Days Inn Chowchilla
5ec97ef845aa29c1ab606fe2,FairfieldInnORL,Fairfield Inn & Suites Orlando International Drive
5ec97ef845aa29c1ab606fe3,AleeshaHansel1,Aleesha
5ec97ef945aa29c1ab606fe4,spyderharrison,spYder harrison
5ec97ef945aa29c1ab606fe5,Master__Wizard,â™¦ï¸â™ ï¸ ğ—”ğ—ğ—›ğ—œğ—Ÿ(à´…à´–à´¿àµ½) á´¹âˆ†Ë¢áµ€á´±á´¿ áµ€Ê°áµƒË¡áµƒáµ–áµƒáµ—Ê°Ê¸â´â¶ğŸ©â™¥ï¸âš½â
5ec97efa45aa29c1ab606fe6,KatieChoong,KatieChoong
5ec97efb45aa29c1ab606fe7,AvonBlack,Avondhu Blackwater
5ec97efb45aa29c1ab606fe8,azfuncouple,azfuncouple
5ec97efc45aa29c1ab606fe9,gegenpresser21,Steve
5ec97efd45aa29c1ab606fea,stayevt,ğŸ˜ˆ à¸ªà¸•à¸µà¸Ÿà¸£à¸±à¸à¹€à¸”à¸ªà¸´à¹‰à¸
5ec97efe45aa29c1ab606feb,BrendaOf6,Brenda ğŸŒŠ
5ec97efe45aa29c1ab606fec,MlleBibibibibi,StelinağŸ‡¬ğŸ‡¦
5ec97eff45aa29c1ab606fed,PrivateTiago2,Tiago Loves C.R.OğŸ’”
5ec97f0045aa29c1ab606fee,ChemistChef,Kelsey Bruce
5ec97f0045aa29c1ab606fef,AlluAswinHere,ICON Allu Aswinâ„¢
5ec97f0145aa29c1ab606ff0,FranOmega,Fran EstÃ©vez ğŸ‡ªğŸ‡¸ğŸ‡¦ğŸ‡¹
5ec97f0245aa29c1ab606ff1,MusicEducatio10,Music Education Partnership Group
5ec97f0245aa29c1ab606ff2,HillstoDowns,SurreyHillstoSouthDowns
5ec97f0345aa29c1ab606ff3,BgSnezana,SnezanağŸŒ·
5ec97f0445aa29c1ab606ff4,BgSnezana,SnezanağŸŒ·
5ec97f0445aa29c1ab606ff5,factspusher,ğŸ™‹ğŸ»â€â™€ï¸Ella Diaz ğŸ‡µğŸ‡·
5ec97f0545aa29c1ab606ff6,Mo0__3,Ù…Ø­Ù…Ø§Ø§Ø§Ù‡ ğŸ‘‘ğŸ‡¦ğŸ‡¹
5ec97f0645aa29c1ab606ff7,MHussein_FCB,Mohamed Hussein
5ec97f0645aa29c1ab606ff8,SaintAmish,Brendan Allen
5ec97f0745aa29c1ab606ff9,ClassicFM943,Classic FM 94.3 Abuja
5ec97f0845aa29c1ab606ffa,ismiseliam,Liam Tunney
5ec97f0945aa29c1ab606ffb,spiritchaser16,A M
5ec97f0a45aa29c1ab606ffc,Lisa_McNally1,Lisa McNally
5ec97f0a45aa29c1ab606ffd,Just_Smallz,SC
5ec97f0b45aa29c1ab606ffe,Saravanasendur1,â™¥_Senduran_Vijay_â™¥
5ec97f0c45aa29c1ab606fff,steedmrspeel,Cindy Walas
5ec97f0d45aa29c1ab607000,RickToney01,Rick Toney
5ec97f0d45aa29c1ab607001,AbKumar18,à¤…à¤­à¤¿à¤·à¥‡à¤• à¤®à¥Œà¤°à¥à¤¯
5ec97f0e45aa29c1ab607002,BreenOlivia,oliviabreen
5ec97f0f45aa29c1ab607003,CosoroRadio,Cosoro Radio UK
5ec97f0f45aa29c1ab607004,bretonne58,ğŸ’§Marie-Helene
5ec97f1045aa29c1ab607005,Lingvist,Lingvist
5ec97f1145aa29c1ab607006,88Masada,masada 88
5ec97f1145aa29c1ab607007,vincentamp,Hiden Aruto
5ec97f1245aa29c1ab607008,MaithaKarisa,Chifu Maitha Karisa
5ec97f1345aa29c1ab607009,WFireflies,Walking Sticks and Fireflies
5ec97f1345aa29c1ab60700a,chrisMamahit1,Chris Mamahit
5ec97f1445aa29c1ab60700b,pithyandwitty,CNN is a dumpster fire
5ec97f1545aa29c1ab60700c,RochdaleCouncil,Rochdale Council
5ec97f1645aa29c1ab60700d,hammody828,Ø§Ø­Ù…Ø¯ # L31Messi â˜€ï¸
5ec97f1645aa29c1ab60700e,yellkoo,yellko
5ec97f1745aa29c1ab60700f,__3li11,3Î¹Î¯ Ğ½Ï…ssÎ±Î¹Î· â™ª
5ec97f1845aa29c1ab607010,Fatmahemisa1,Fatma Lotfi
5ec97f1945aa29c1ab607011,Ekenobi_AlexP,AlexPedro
5ec97f1945aa29c1ab607012,Co0kieBoy,Patryk Zalewski
5ec97f1a45aa29c1ab607013,itsboobam,Boobam the corgi
5ec97f1a45aa29c1ab607014,Danylm030,Danylm030
5ec97f1b45aa29c1ab607015,1_point_2,Seyigun Olofinjana
5ec97f1c45aa29c1ab607016,Fnb_Yellah,Mhe_Yellah a.k.a Escobar Eddie
5ec97f1c45aa29c1ab607017,RizannaCollect2,Rizanna Collection ğŸ‡§ğŸ‡³
5ec97f1d45aa29c1ab607018,MarkLong06,Mark Long
5ec97f1e45aa29c1ab607019,robbie446,Rob See ğŸ¦…ğŸ‡ºğŸ‡¸
5ec97f1f45aa29c1ab60701a,NdimloUnathi,â— Black Child ğŸ•ŠğŸ‡¿ğŸ‡¼ğŸ‡¿ğŸ‡¦
5ec97f1f45aa29c1ab60701b,lanza1521,Yssa Dalawa Tatlo
5ec97f2045aa29c1ab60701c,clairemontes7,claire montes
5ec97f2145aa29c1ab60701d,sophiejuge,Sophie JugÃ©
5ec97f2245aa29c1ab60701e,mrsharrismusic,Laura Harris
5ec97f2245aa29c1ab60701f,Buzzfm897,Buzzfm89.7
5ec97f2345aa29c1ab607020,JallowKaddy1,Jallow Kaddy
5ec97f2445aa29c1ab607021,ClassicFM943,Classic FM 94.3 Abuja
5ec97f2545aa29c1ab607022,TotalLegacyCare,Total Legacy Care
5ec97f2545aa29c1ab607023,FarOutToysInc,Far Out Toys Inc.
5ec97f2645aa29c1ab607024,MacKidDunwoody,MacKidDunwoody
5ec97f2745aa29c1ab607025,Vitosharma13,Vito Sharma
5ec97f2745aa29c1ab607026,ibrahimn_999,Ø§Ù„Ø§Ø³ØªØ«Ù†Ø§Ø¦ÙŠ Ø¥Ø¨Ø±Ø§Ù‡ÙŠÙ… Ø§Ù„Ù†Ù‡Ø§Ø±ÙŠ
5ec97f2845aa29c1ab607027,michalapaleo,Michala Paleo
5ec97f2945aa29c1ab607028,whoops_c,Ngosa Whoopi Chungu
5ec97f2945aa29c1ab607029,mroliverjude,OJ
5ec97f2a45aa29c1ab60702a,kanzen_radio,Kanzen Records Radio
5ec97f2b45aa29c1ab60702b,CTwithrishidutt,Rishi dutt
5ec97f2b45aa29c1ab60702c,SuAlderson,Honeysuckle Cottage
5ec97f2c45aa29c1ab60702d,shale2rc,Shanda
5ec97f2d45aa29c1ab60702e,MatanteJu,J
5ec97f2d45aa29c1ab60702f,WildlingTravels,Wildling
5ec97f2e45aa29c1ab607030,Arnau1041,Arnau104
5ec97f2f45aa29c1ab607031,adjetey31599715,adjetey sowah
5ec97f3045aa29c1ab607032,salmankhanhk,....... H. K
5ec97f3045aa29c1ab607033,lauramarsh70,#AlbaLaura #DissolveTheUnionğŸ’œğŸğŸ›¡ï¸ğŸ’¯#YES #SolMoon
5ec97f3145aa29c1ab607034,sin_niunoman,Sin_NiunoMan
5ec97f3245aa29c1ab607035,unusual4tune,Unusual4tune
5ec97f3245aa29c1ab607036,salmankhanhk,....... H. K
5ec97f3345aa29c1ab607037,lauramarsh70,#AlbaLaura #DissolveTheUnionğŸ’œğŸğŸ›¡ï¸ğŸ’¯#YES #SolMoon
5ec97f3445aa29c1ab607038,mamonaloh,Deprived of real Fem
5ec97f3545aa29c1ab607039,Eartfoto,Erotic Art Photography official
5ec97f3645aa29c1ab60703a,CryloTheRaccoon,Crayolo
5ec97f3645aa29c1ab60703b,ecoeverydayorg,ecoeveryday.org
5ec97f3745aa29c1ab60703c,StephoLorenzo,HndrxxğŸ•
5ec97f3845aa29c1ab60703d,Jptechrep,"Jim Payne, Sr"
5ec97f3845aa29c1ab60703e,SCee57,SusieQ ğŸ‡¨ğŸ‡¦ğŸµğŸ
5ec97f3945aa29c1ab60703f,feinberg_linda,Linda Feinberg
5ec97f3945aa29c1ab607040,_alannasantos,Alanna Santos
5ec97f3a45aa29c1ab607041,Orion1331,Orion1911
5ec97f3b45aa29c1ab607042,SSHigherEd,S&S Higher Education
5ec97f3b45aa29c1ab607043,pegcb_de,[ P-E-GC-B ]
5ec97f3c45aa29c1ab607044,France24_en,FRANCE 24 English
5ec97f3d45aa29c1ab607045,ctnonur10,10ur
5ec97f3e45aa29c1ab607046,Buzzfm897,Buzzfm89.7
5ec97f3e45aa29c1ab607047,amaniampongjoe,amaniampongjoseph
5ec97f3f45aa29c1ab607048,idakhirul,Ida.
5ec97f4045aa29c1ab607049,JonathanBulman5,Jonathan Bulman
5ec97f4045aa29c1ab60704a,RosleyWiam,Wiam_Rosley
5ec97f4145aa29c1ab60704b,belindatewson,belindatewson
5ec97f4145aa29c1ab60704c,Messigician7,Messigician
5ec97f4245aa29c1ab60704d,alwoga1,alwoga
5ec97f4345aa29c1ab60704e,MrBig_Bones,R I C K  B E L L A M YğŸŒğŸ‡³ğŸ‡¬
5ec97f4345aa29c1ab60704f,Bennet24_LFC,Bennet 8/24 (RIP Gigi & Kobe)
5ec97f4445aa29c1ab607050,_Motsoaledi,Mosadinyana
5ec97f4545aa29c1ab607051,Blondie_Robert,Robert Sanchez
5ec97f4645aa29c1ab607052,AsseMwamafupa,asse mwamafupa
5ec97f4745aa29c1ab607053,Q5_N_,ğŸ˜ Ø¨Ø·Ù„ Ø£ÙˆØ±ÙˆØ¨Ø§ â€ºÌµ(ÌµÌµÌ´
5ec97f4745aa29c1ab607054,Claire_Molen,A Penny for your Thoughts?ğŸ–
5ec97f4845aa29c1ab607055,thapelo4god,Makhura Thapelo
5ec97f4945aa29c1ab607056,FlyingHighTrust,Flying High Trust
5ec97f4945aa29c1ab607057,CarlosCarry17,Carry On!! âœŒï¸
5ec97f4a45aa29c1ab607058,Jospmicalx,Jospmicalx
5ec97f4b45aa29c1ab607059,Zander014,Zander
5ec97f4b45aa29c1ab60705a,Tumiishi,TumiÅ¡i
5ec97f4c45aa29c1ab60705b,Silau25,â¤Silviaâ¤
5ec97f4c45aa29c1ab60705c,ConnectSport,ConnectSport
5ec97f4d45aa29c1ab60705d,MarcoDeLa83,Marco De La Pierre
5ec97f4d45aa29c1ab60705e,MehmetO33440789,Mehmet Orhan
5ec97f4e45aa29c1ab60705f,L0V3_Ximena,pÑÎµÑ‚Ñ‚áƒ§Ñ‚Ñà¸„à¸«cÎµÅ‚ÏƒvÎµÑ
5ec97f4f45aa29c1ab607060,zaraflora,Zara Flora
5ec97f4f45aa29c1ab607061,Jessica_Cabe,Jessica Cabe
5ec97f5045aa29c1ab607062,TheWorldGames,The World Games
5ec97f5145aa29c1ab607063,R99pc,Richard Anthony Piet
5ec97f5245aa29c1ab607064,LeCatalan237,Indomptable ğŸ‡¨ğŸ‡²
5ec97f5245aa29c1ab607065,shane_ablett,shane ablett
5ec97f5345aa29c1ab607066,benzojones,BenzoJones
5ec97f5445aa29c1ab607067,AmAntiquarian,American Antiquarian Society
5ec97f5445aa29c1ab607068,gavinj75,"Gavin o'flaherty"
5ec97f5545aa29c1ab607069,GrattoDanny,Danny Gratto
5ec97f5645aa29c1ab60706a,Mikefrimpong,Osofo Chief
5ec97f5745aa29c1ab60706b,TheAdmiral,Ian
5ec97f5745aa29c1ab60706c,pont3s,pont3s
5ec97f5845aa29c1ab60706d,Daveb2017,Dave
5ec97f5845aa29c1ab60706e,SBarrBrisebois,SimonBarreBrisebois
5ec97f5945aa29c1ab60706f,DeKervella,Sophie Kervella de Joannis ğŸ´ó §ó ¢ó ³ó £ó ´ó ¿
5ec97f5a45aa29c1ab607070,MostlyAnal,Mostly Anal
5ec97f5a45aa29c1ab607071,weirdgenes,bipolar sunshine
5ec97f5b45aa29c1ab607072,david_camarena_,David Camarena
5ec97f5c45aa29c1ab607073,BlueJay58523226,The Blue Jay Times
5ec97f5d45aa29c1ab607074,Thatkingsley,Idongesit Kingsley
5ec97f5d45aa29c1ab607075,MattDoesFX,Matt Hart FX & Art
5ec97f5e45aa29c1ab607076,DarbyDeluna,Deluna Darby
5ec97f5f45aa29c1ab607077,uvabop2018,xxx_Swinger_Club_xxx 500K GLOBALFANS
5ec97f5f45aa29c1ab607078,TourBzin,Thobela Magwaza
5ec97f6045aa29c1ab607079,ChimwemweChita2,Chimwemwe Chitambala
5ec97f6145aa29c1ab60707a,mmm4withswfs,å¤©ç·šMMM
5ec97f6145aa29c1ab60707b,SandraLFC28,Sandra Mackenzie*
5ec97f6245aa29c1ab60707c,iam_vikta,Chidera
5ec97f6345aa29c1ab60707d,JasmineKardde35,ğŸ’•ğŸ’•Lovely ğŸ’•ğŸ’•
5ec97f6445aa29c1ab60707e,FairfieldInnSC,Fairfield Columbia
5ec97f6545aa29c1ab60707f,patriziamiani,Patrizia Miani
5ec97f6545aa29c1ab607080,MartinKGHI,Martin Prince
5ec97f6645aa29c1ab607081,Apolloawakens,Hunter
5ec97f6745aa29c1ab607082,Chitti1116,Chitti Babu
5ec97f6845aa29c1ab607083,rajasa404,MD RAJA
5ec97f6945aa29c1ab607084,HoneymoonGondol,HoneymoonGondol
5ec97f6945aa29c1ab607085,kosmomireille,Kosmo
5ec97f6a45aa29c1ab607086,Co0kieBoy,Patryk Zalewski
5ec97f6a45aa29c1ab607087,BillingsOctavia,âœ¨ğŸ’—Octavia BillingsğŸ’—âœ¨
5ec97f6b45aa29c1ab607088,soundlessb00m,DS
5ec97f6c45aa29c1ab607089,planet_miya,just here for the pizza
5ec97f6c45aa29c1ab60708a,ryanmarinas,Ry
5ec97f6d45aa29c1ab60708b,MostlyBJs,â¸¸ Douchebag â¸¸
5ec97f6e45aa29c1ab60708c,vovomfebe,Miss.vovo
5ec97f6e45aa29c1ab60708d,SceneryLens,Scenery Through The Lens
5ec97f6f45aa29c1ab60708e,DirtyBabesPromo,ğ”»ğ•šğ•£ğ•¥ğ•ª ğ”¹ğ•’ğ•“ğ•–ğ•¤ â„™ğ•£ğ• ğ•ğ•  ğŸœğŸšğ•‚ğŸ”¥
5ec97f7045aa29c1ab60708f,LolitaResist,Lolita#Resists #TrumpsConcentrationCamps
5ec97f7045aa29c1ab607090,IfeSarumi1,Ife Sarumi (#LadyPR)
5ec97f7245aa29c1ab607091,Shotglass856,Philly PA
5ec97f7245aa29c1ab607092,BarbaraTiola,BÃ¡rbara Tiola
5ec97f7345aa29c1ab607093,Brandin99805547,Brandina
5ec97f7445aa29c1ab607094,Deidre_L,Deidre Linden
5ec97f7445aa29c1ab607095,Haydenfd7,Hayden
5ec97f7545aa29c1ab607096,vidan_taki,Vidan Taki
5ec97f7645aa29c1ab607097,Dida_ti,Dida
5ec97f7645aa29c1ab607098,LivingCozy,Living Cozy ğŸ‘¼ğŸ’—ğŸ¡ğŸ’—ğŸ‘¼
5ec97f7745aa29c1ab607099,samloveEJF,Teamprerna
5ec97f7845aa29c1ab60709a,NetwaysCloud,NETWAYS Web Services
5ec97f7945aa29c1ab60709b,gi_nasti,NastiGi
5ec97f7945aa29c1ab60709c,mikecash100,Mike Cash
5ec97f7a45aa29c1ab60709d,marielewis1975,Marie Lewis
5ec97f7b45aa29c1ab60709e,ethereal_hk,Anna_
5ec97f7b45aa29c1ab60709f,kpetrovic340_,Kristina  â™¡
5ec97f7c45aa29c1ab6070a0,irishinbritain,Irish in Britain
5ec97f7c45aa29c1ab6070a1,Dida_ti,Dida
5ec97f7d45aa29c1ab6070a2,akangakiba,AKANG ğŸ‡³ğŸ‡¬
5ec97f7e45aa29c1ab6070a3,LivingCozy,Living Cozy ğŸ‘¼ğŸ’—ğŸ¡ğŸ’—ğŸ‘¼
5ec97f7f45aa29c1ab6070a4,WarriorCams,Cams-Warrior
5ec97f7f45aa29c1ab6070a5,DinaRybeiro,ğŸ¯Dina RibeiroğŸ±
5ec97f8045aa29c1ab6070a6,cawilsonaz,Claudie Wilson
5ec97f8145aa29c1ab6070a7,Pauliestabo,Paulie Stableford
5ec97f8345aa29c1ab6070a8,susanaquiere,susana
5ec97f8345aa29c1ab6070a9,CTwithrishidutt,Rishi dutt
5ec97f8445aa29c1ab6070aa,ballycommon,Ballycommon Training Centre
5ec97f8545aa29c1ab6070ab,guccxilhoon,aira ğŸ¶ ; #ZOMBIE
5ec97f8545aa29c1ab6070ac,KaranDude7,That kinky man.
5ec97f8645aa29c1ab6070ad,OLEW_Solarables,Sâ˜€LARIUMâ„¢
5ec97f8645aa29c1ab6070ae,HombreMontana,ELğŸ‘HOMBRE #MONTAÃ‘A
5ec97f8745aa29c1ab6070af,abubakrpatel08,Abu-Baker
5ec97f8845aa29c1ab6070b0,rogerkeith1,Roger Keith Walsh ğŸ”¶ğŸ•·ï¸
5ec97f8845aa29c1ab6070b1,klinklone,ğŸ‘„SirenQueenğŸ‘‘
5ec97f8945aa29c1ab6070b2,shane_ablett,shane ablett
5ec97f8a45aa29c1ab6070b3,BrickzMusic,Bankster Brickz
5ec97f8a45aa29c1ab6070b4,_Bleam,Bleam
5ec97f8b45aa29c1ab6070b5,jermainee7,TheArtHstlr.
5ec97f8c45aa29c1ab6070b6,suffolkchamber,Suffolk Chamber
5ec97f8c45aa29c1ab6070b7,GGiggias,Gifts By Giggias
5ec97f8d45aa29c1ab6070b8,roj20200,S A Roj
5ec97f8d45aa29c1ab6070b9,iheanyi810,s Draco
5ec97f8e45aa29c1ab6070ba,HPFco1,HandPicked Fire Co.ğŸ”¥
5ec97f8e45aa29c1ab6070bb,abdulaziii,ALREBIA  ABDULAZIZ
5ec97f8f45aa29c1ab6070bc,1TayVo1,1TayVo
5ec97f9045aa29c1ab6070bd,EliteAngele,ğŸ¦‹ğ“”ğ“µğ“²ğ“½ğ“® ğ“ğ“·ğ“°ğ“®ğ“µğ“® ğŸ¦‹
5ec97f9145aa29c1ab6070be,DonohueHazel,Hazel Donohue
5ec97f9145aa29c1ab6070bf,ariefkuyang,Arief K.
5ec97f9245aa29c1ab6070c0,Lukez99,Luke
5ec97f9345aa29c1ab6070c1,eventsnuuz,Events Nuuz
5ec97f9345aa29c1ab6070c2,trouble_5000,hotblacknwhitepics
5ec97f9445aa29c1ab6070c3,mandeeppenmetsa,manupenmatsa
5ec97f9445aa29c1ab6070c4,NickProcter,Nick Procter
5ec97f9545aa29c1ab6070c5,SnrCreative,SNR Creative
5ec97f9645aa29c1ab6070c6,NecmiGuclu54,â™¥ï¸Necmi54â™¥ï¸
5ec97f9645aa29c1ab6070c7,LandoUpdates,Lando Norris Updates
5ec97f9745aa29c1ab6070c8,Kadekeye,Kadekeye
5ec97f9845aa29c1ab6070c9,OllyWilliams89,Olly Williams
5ec97f9945aa29c1ab6070ca,potparallel,People Of The Parallel ğŸ’¯ğŸ’¡ğŸ¹ğŸ¶ğŸ€LGTWO
5ec97f9945aa29c1ab6070cb,fares5569,fares5569
5ec97f9a45aa29c1ab6070cc,Wksrdavies,Mrs R Davies
5ec97f9b45aa29c1ab6070cd,SmellTheTuna,Need more feesh ğŸ£
5ec97f9b45aa29c1ab6070ce,RThornhill7,R Thornhill
5ec97f9c45aa29c1ab6070cf,Ali68391784,007
5ec97f9e45aa29c1ab6070d0,jshomby,John Shomby
5ec97f9f45aa29c1ab6070d1,PPAI_IRL,PPAI
5ec97f9f45aa29c1ab6070d2,1836Kate,Kate Halm
5ec97fa045aa29c1ab6070d3,dabifezileANCYL,Fezile Dabi Region
5ec97fa145aa29c1ab6070d4,AdekoyaAdepeju1,Moriam 1000501255 VFD ACC
5ec97fa345aa29c1ab6070d5,NastyGirlies,â˜‡Nasty Girlsâ˜‡
5ec97fa445aa29c1ab6070d6,MikeGibbons8,Michael Gibbons
5ec97fa545aa29c1ab6070d7,ji_hump,Dr Julie Humphreys
5ec97fa645aa29c1ab6070d8,AdekoyaAdepeju1,Moriam 1000501255 VFD ACC
5ec97fa645aa29c1ab6070d9,DArtagnanArbuah,dartagnanmusic
5ec97fa745aa29c1ab6070da,TowsBeforeHoes,towsbeforehoes
5ec97fa845aa29c1ab6070db,UrstrulyBobby2,DHFM
5ec97fa845aa29c1ab6070dc,jsjsjp1,ì¢€ë¹„ â†º
5ec97fa945aa29c1ab6070dd,Martez86039222,Martez
5ec97faa45aa29c1ab6070de,Msnisi09,Denise
5ec97faa45aa29c1ab6070df,brandinnovatebi,Brand Innovation
5ec97fab45aa29c1ab6070e0,AdewumiGokeDSJ,DSJ
5ec97fab45aa29c1ab6070e1,dabifezileANCYL,Fezile Dabi Region
5ec97fac45aa29c1ab6070e2,DiegoGarde_9,ÄGğŸ”Ÿ
5ec97fad45aa29c1ab6070e3,REALaltMiddle,Chvrches Are Esssential Taxable Businesses
5ec97fad45aa29c1ab6070e4,AsyaSoydanLive,Asya
5ec97fae45aa29c1ab6070e5,GrowWithGrin,Grin
5ec97faf45aa29c1ab6070e6,RRoastedChicken,Roasted is nice
5ec97faf45aa29c1ab6070e7,LarryFarlow,Larry Farlow
5ec97fb045aa29c1ab6070e8,Tirreno1971,Eyetie
5ec97fb145aa29c1ab6070e9,henrisoul,SoftBoss
5ec97fb145aa29c1ab6070ea,Eyrniel,happy elf eryniel
5ec97fb245aa29c1ab6070eb,FabricioSaez3,F A B R I Z I N H O
5ec97fb345aa29c1ab6070ec,ClassicFM943,Classic FM 94.3 Abuja
5ec97fb345aa29c1ab6070ed,NahidulATM,nahidul - destiny is all
5ec97fb445aa29c1ab6070ee,LaurenDodge12,Steelymagnoles
5ec97fb545aa29c1ab6070ef,LGTWOLinkDrop,LGTWO .Drop Your Artists Profile In Our Pin Tweet.
5ec97fb545aa29c1ab6070f0,iamcyrux01,VIBE OUT NOW ğŸ‡³ğŸ‡¬ğŸ‡ºğŸ‡¸
5ec97fb645aa29c1ab6070f1,zabaletaoz,oscar zabaleta
5ec97fb645aa29c1ab6070f2,JoKingDevon,Jo King
5ec97fb745aa29c1ab6070f3,Peterasd015,Peterasd
5ec97fb845aa29c1ab6070f4,tarunanand0817,Tarun AnandğŸ˜·
5ec97fb845aa29c1ab6070f5,davidwalsh247,David Walsh
5ec97fb945aa29c1ab6070f6,ABUSDEEM123,Bander
5ec97fba45aa29c1ab6070f7,Netways,NETWAYS
5ec97fba45aa29c1ab6070f8,dabifezileANCYL,Fezile Dabi Region
5ec97fbb45aa29c1ab6070f9,0604Arb1320,Lady Arbroathbot1320 stay 6 ft back ğŸ´ó §ó ¢ó ³ó £ó ´ó ¿
5ec97fbc45aa29c1ab6070fa,knsbako99,ğŸ’£KnightmareğŸ¦…
5ec97fbd45aa29c1ab6070fb,iCantPickaNameJ,ï½‰ï¼£ï½ï½ï½”ï¼°ï½‰ï½ƒï½‹ï½ï¼®ï½ï½ï½…ï¼ª
5ec97fbe45aa29c1ab6070fc,noticucuta,Noti CÃºcuta
5ec97fbf45aa29c1ab6070fd,materahub,materahub
5ec97fbf45aa29c1ab6070fe,AmplifyAfrica_,Amplify Africa Inc.
5ec97fc045aa29c1ab6070ff,Sarah_H115,Sarah Hill
5ec97fc045aa29c1ab607100,mj_963,ï®¼Ù…Ø§Ø¬Ø¯
5ec97fc145aa29c1ab607101,olamide035,COKEBOYğŸ˜
5ec97fc245aa29c1ab607102,dabifezileANCYL,Fezile Dabi Region
5ec97fc245aa29c1ab607103,LSUOnline,LSU Online
5ec97fc345aa29c1ab607104,KatDaddyLaw,ğŸ‘‘Precious EllağŸ‘‘
5ec97fc445aa29c1ab607105,dabifezileANCYL,Fezile Dabi Region
5ec97fc445aa29c1ab607106,TurawaIbrahim,e-ro
5ec97fc545aa29c1ab607107,21cmediagroup,21C Media Group
5ec97fc545aa29c1ab607108,paulsherphoto,Paul Sherwood
5ec97fc645aa29c1ab607109,quevobeats,Jose Caraballo
5ec97fc745aa29c1ab60710a,RickyWarner17,Ricky Warner
5ec97fc845aa29c1ab60710b,ScanMyPhotos,"ScanMyPhotos.comÂ® ğŸ˜·STAY HEALTHY, STAY AT HOME"
5ec97fc845aa29c1ab60710c,SouravA98610690,Sourav Agarwal
5ec97fc945aa29c1ab60710d,snshindol,SNSINGHDEO
5ec97fca45aa29c1ab60710e,VodkaSurprises,CoffeeFirst
5ec97fca45aa29c1ab60710f,olani_taiye,taiye olani
5ec97fcb45aa29c1ab607110,AlexandreTOP6,AlexandreTOP6
5ec97fcb45aa29c1ab607111,RobynLees12,robyn
5ec97fcc45aa29c1ab607112,Gilliespy2,Gilliespy
5ec97fcd45aa29c1ab607113,iam_Galib,ÄÃƒÄ½ÃB
5ec97fcd45aa29c1ab607114,hoan24603423,hoan
5ec97fce45aa29c1ab607115,EricaJong,Erica Jong
5ec97fce45aa29c1ab607116,WanShoddy,Godfred Arthur
5ec97fcf45aa29c1ab607117,KcBell,"Kimberly Bellamy, M.S.Ed."
5ec97fd045aa29c1ab607118,H_E_Trust,Horncastle Education Trust
5ec97fd045aa29c1ab607119,CsuzdiG,GÃ¡bor Csuzdi
5ec97fd245aa29c1ab60711a,IrishgolfT,irishgolfLinksTours
5ec97fd245aa29c1ab60711b,SwissBulgaria,Swiss Embassy in Bulgaria
5ec97fd345aa29c1ab60711c,MatanteJu,J
5ec97fd345aa29c1ab60711d,snshindol,SNSINGHDEO
5ec97fd445aa29c1ab60711e,PJJJSage,PJ
5ec97fd545aa29c1ab60711f,ste_brown19,Ste Brown
5ec97fd545aa29c1ab607120,ritchey_jr,wayne Ritchey JR
5ec97fd645aa29c1ab607121,Khalifa_minno,El_nino
5ec97fd645aa29c1ab607122,Jadyn66,Alejandro
5ec97fd745aa29c1ab607123,JFKEW,J-F Burford
5ec97fd845aa29c1ab607124,eli__097,âšœï¸ğ”ˆğ”©ğ”¦ğ”£ âšœï¸
5ec97fd845aa29c1ab607125,CasesCovid19,CasesCovid19
5ec97fd945aa29c1ab607126,EmpireRenowned,Renowned Empire
5ec97fd945aa29c1ab607127,kumudranjan048,Kumud Ranjan Chaurasia
5ec97fda45aa29c1ab607128,MarvinZ12,VinMarDoce â™Œ â„¢ ğŸ…°ğŸ˜
5ec97fdb45aa29c1ab607129,RamphulRaj,Raj Ramphul
5ec97fdb45aa29c1ab60712a,DushSyurga1,Dush@Syurga
5ec97fdc45aa29c1ab60712b,HotelBellingham,Holiday Inn Express
5ec97fdc45aa29c1ab60712c,kanzen_radio,Kanzen Records Radio
5ec97fdd45aa29c1ab60712d,jinchu40,alfonso martinez
5ec97fde45aa29c1ab60712e,HiexSeaside,HIEX Seaside
5ec97fde45aa29c1ab60712f,dghowery,Darryl Howery
5ec97fdf45aa29c1ab607130,MountLoretto,Mount Loretto
5ec97fdf45aa29c1ab607131,Tragedy_Academy,The Tragedy Academy Podcast
5ec97fe045aa29c1ab607132,MerkurMasters,Merkur Masters ğŸŒ | #WirBleibenDrin
5ec97fe145aa29c1ab607133,SRPAmericas,SimplyReliablePower
5ec97fe145aa29c1ab607134,CareDotCom,Care.com
5ec97fe245aa29c1ab607135,HindolPalace,Hindol Palace
5ec97fe245aa29c1ab607136,Khya_Gott,Khya Gott
5ec97fe345aa29c1ab607137,iamarfat7,@ARFAT@
5ec97fe445aa29c1ab607138,NinjaNickiM,Queen Sleeze ğŸ¦„ğŸ”¥
5ec97fe545aa29c1ab607139,NinjaNickiM,Queen Sleeze ğŸ¦„ğŸ”¥
5ec97fe645aa29c1ab60713a,247work,Tiana
5ec97fe645aa29c1ab60713b,HelmsleyCabs,Helmsley Black Cabs
5ec97fe745aa29c1ab60713c,movie_drone,ğŸ¬ MovieDronepodcast ğŸ¬
5ec97fe745aa29c1ab60713d,AriefZain44,Ø¹Ø±ÙŠÙ
5ec97fe845aa29c1ab60713e,foodmady,Foodmady
5ec97fe945aa29c1ab60713f,redpool7,Russell Brown
5ec97fe945aa29c1ab607140,MissTopics99,Matilda23
5ec97fea45aa29c1ab607141,hasapoolinc,HASA Pool Inc.
5ec97feb45aa29c1ab607142,G3MM420,gem ğŸ’
5ec97feb45aa29c1ab607143,dimbo_6,Khairuddin Nasty
5ec97fec45aa29c1ab607144,PraveenGJ019,Praveen Kumar
5ec97fed45aa29c1ab607145,RamphulRaj,Raj Ramphul
5ec97fed45aa29c1ab607146,OurJamnagar,Our Jamnagar ğŸ˜·
5ec97fee45aa29c1ab607147,angels_gp,"Angela (Angel's Guilty Pleasures)"
5ec97fef45aa29c1ab607148,eli__097,âšœï¸ğ”ˆğ”©ğ”¦ğ”£ âšœï¸
5ec97fef45aa29c1ab607149,kwest_creature,kwest_creature
5ec97ff045aa29c1ab60714a,Liverbird4Eva,Ruth Brooks
5ec97ff145aa29c1ab60714b,knsbako99,ğŸ’£KnightmareğŸ¦…
5ec97ff145aa29c1ab60714c,kurukusi_juma,Eric Juma Kurukusi
5ec97ff245aa29c1ab60714d,VolleyballAB,Volleyball Alberta
5ec97ff345aa29c1ab60714e,CosoroRadio,Cosoro Radio UK
5ec97ff445aa29c1ab60714f,CamWineAcademy,Cam Wine Academy
5ec97ff445aa29c1ab607150,ChimeziriColli1,Chimeziri Collins
5ec97ff545aa29c1ab607151,katestourbridge,katestourbridge
5ec97ff645aa29c1ab607152,Ritchiesbluese1,Ritchies PlatBlue
5ec97ff645aa29c1ab607153,moodologist,MooD-ologist
5ec97ff745aa29c1ab607154,AdrianoNunez5,Adriano Nunes 7
5ec97ff845aa29c1ab607155,Clyde_Crasto,Clyde Crasto
5ec97ff945aa29c1ab607156,LitJrzyGrl,Amelia R
5ec97ff945aa29c1ab607157,bethany_roddy17,VanLife Boi ğŸ³ï¸â€ğŸŒˆğŸ”¥â™‰â˜€ï¸â™ğŸŒ™â™â¬†ï¸
5ec97ffa45aa29c1ab607158,alfonslopeztena,Alfons LÃ³pez Tena
5ec97ffb45aa29c1ab607159,abdulkadirisa,Isa |
5ec97ffb45aa29c1ab60715a,keemo20499096,keemo
5ec97ffc45aa29c1ab60715b,stream_uniteRT,Streamers Community Unite
5ec97ffd45aa29c1ab60715c,mustproteam,Must
5ec97ffd45aa29c1ab60715d,ChangeCarbon,Carbon & Climate Change Matters
5ec97ffe45aa29c1ab60715e,MDMOSHI39175772,Graphic Designer
5ec97fff45aa29c1ab60715f,Aleia08030627,Alei
5ec97fff45aa29c1ab607160,candy_eff,Candy Eff
5ec9800045aa29c1ab607161,pocs80,Jutta Streicher
5ec9800145aa29c1ab607162,connectalot,Sir Connectalot ğŸ‘‰ ÊŸÉ¢á´›á´¡á´ ğŸ‘ˆ
5ec9800245aa29c1ab607163,critiquederien,Tony Robert Cochran
5ec9800345aa29c1ab607164,Manama_Istanbul,Manama_Istanbul
5ec9800345aa29c1ab607165,JenniferDsilva6,Jesus Christ is the saviour of the world. â¤
5ec9800445aa29c1ab607166,kblacey,Kay Lacey
5ec9800545aa29c1ab607167,USAtomodachi,USAtomodachiâ˜†HACHIKO
5ec9800645aa29c1ab607168,Ashan_de_Silva,Ashan de Silva
5ec9800645aa29c1ab607169,critiquederien,Tony Robert Cochran
5ec9800745aa29c1ab60716a,marty713,Marty713 ğŸ‡ºğŸ‡² ğŸŒŸğŸŒŸğŸŒŸğŸ‘Š
5ec9800845aa29c1ab60716b,bearimycorbyn,Whitney Graham (Mayor of Cantown)
5ec9800945aa29c1ab60716c,jimmyauw,Jimmy Auw
5ec9800945aa29c1ab60716d,genesi999,genesi999
5ec9800a45aa29c1ab60716e,NenadVasic16,Nenad Vasic
5ec9800b45aa29c1ab60716f,gstuebi,RosieG
5ec9800c45aa29c1ab607170,The1stKam,Aziz wshğŸ¦
5ec9800c45aa29c1ab607171,cypher_nicole,Nicole Cypher
5ec9800d45aa29c1ab607172,Thom_Cee,Thomas Chretien
5ec9800e45aa29c1ab607173,Rouqui2,RouquiÃ© Georges
5ec9800f45aa29c1ab607174,asturkmani,Abdel Wahab Turkmani
5ec9800f45aa29c1ab607175,ktcraids,Aranina
5ec9801045aa29c1ab607176,NST_Online,New Straits Times
5ec9801145aa29c1ab607177,FotosGab,Russell Scottâ­
5ec9801145aa29c1ab607178,GaloBroda5,Galo ğŸ‘ŸğŸ®
5ec9801245aa29c1ab607179,ArrestAnon,ArrestAnon ğŸ‡
5ec9801245aa29c1ab60717a,patryvjzm,patty
5ec9801345aa29c1ab60717b,scienceirel,SFI
5ec9801445aa29c1ab60717c,tmhensley1,âœ¨ğŸŒºğŸ’«Teresa HensleyğŸ’™ğŸ‡ºğŸ‡¸âœ¨
5ec9801545aa29c1ab60717d,CrimeStoppersWI,Crime Stoppers